Modello,MAE
Prophet,8.70242854562833
Media (dummy),92.6161572052402
