Modello,MAE
Prophet,8.70242854562833
Dummy Prophet,92.6161572052402
SARIMAX,5.251794667291351
Dummy SARIMAX,93.13198989898989
